<libs version="0.411" applicationParameters="-platform	android" environmentVariables="MINISTRO_SSL_CERTS_PATH=MINISTRO_PATH/qt/ssl	QML_IMPORT_PATH=MINISTRO_PATH/qt/imports	QT_PLUGIN_PATH=MINISTRO_PATH/qt/plugins" loaderClassName="org.kde.necessitas.industrius.QtActivityDelegate" qtVersion="264194">
	<lib name="QtBearer" url="http://files.kde.org/necessitas/ministro/android/necessitas/objects/0.411-armeabi-v7a/lib/libQtBearer.so" file="lib/libQtBearer.so" size="128220" sha1="902ead24b81413adf657931c6b0e349adc956cfe" level="2">
		<depends>
			<lib name="QtGui"/>
			<lib name="QtNetwork"/>
			<lib name="QtCore"/>
		</depends>
	</lib>

	<lib name="QtConnectivity" url="http://files.kde.org/necessitas/ministro/android/necessitas/objects/0.411-armeabi-v7a/lib/libQtConnectivity.so" file="lib/libQtConnectivity.so" size="386336" sha1="c3e6f4f908e232748555aadeb52e0c064279bfe6" level="2">
		<depends>
			<lib name="QtGui"/>
			<lib name="QtCore"/>
		</depends>
		<needs>
			<item name="QmlConnectivityPlugin" url="http://files.kde.org/necessitas/ministro/android/necessitas/objects/0.411-armeabi-v7a/imports/QtMobility/connectivity/libdeclarative_connectivity.so" file="imports/QtMobility/connectivity/libdeclarative_connectivity.so" size="201948" sha1="ed72ef4bb2774756bb59c428f00fa468ec2361f8"/>
			<item name="QmlDir" url="http://files.kde.org/necessitas/ministro/android/necessitas/objects/0.411-armeabi-v7a/imports/QtMobility/connectivity/qmldir" file="imports/QtMobility/connectivity/qmldir" size="32" sha1="27166e55f0f0f8735115074d1e7a5402f070e745"/>
		</needs>
	</lib>

	<lib name="QtContacts" url="http://files.kde.org/necessitas/ministro/android/necessitas/objects/0.411-armeabi-v7a/lib/libQtContacts.so" file="lib/libQtContacts.so" size="779484" sha1="e201b1101ac79f44f3a77dec539fb78b07943335" level="2">
		<depends>
			<lib name="QtAndroidContactsPlugin"/>
			<lib name="QtVersit"/>
			<lib name="QtGui"/>
			<lib name="QtCore"/>
		</depends>
		<needs>
			<item name="QmlContactsPlugin" url="http://files.kde.org/necessitas/ministro/android/necessitas/objects/0.411-armeabi-v7a/imports/QtMobility/contacts/libdeclarative_contacts.so" file="imports/QtMobility/contacts/libdeclarative_contacts.so" size="727076" sha1="b169628bf3efde55b1689695db16064f0958da6e"/>
			<item name="QmlDir" url="http://files.kde.org/necessitas/ministro/android/necessitas/objects/0.411-armeabi-v7a/imports/QtMobility/contacts/qmldir" file="imports/QtMobility/contacts/qmldir" size="28" sha1="c8701a9fcdc4ce634e9fbc636fb7837b9a24a98d"/>
			<item name="QtContactsServiceActionManagerPlugin" url="http://files.kde.org/necessitas/ministro/android/necessitas/objects/0.411-armeabi-v7a/plugins/contacts/libqtcontacts_serviceactionmanager.so" file="plugins/contacts/libqtcontacts_serviceactionmanager.so" size="54492" sha1="4ceca4298854e1ac5602e284a1c408c8f602e2b9"/>
		</needs>
	</lib>

	<lib name="QtCore" url="http://files.kde.org/necessitas/ministro/android/necessitas/objects/0.411-armeabi-v7a/lib/libQtCore.so" file="lib/libQtCore.so" size="2989072" sha1="f395d45610fc9a4139774357c70b2f3a22a37dbe" level="0">
		<needs>
			<item name="QtIndustrius" url="http://files.kde.org/necessitas/ministro/android/necessitas/objects/0.411-armeabi-v7a/jar/QtIndustrius-14.jar" file="jar/QtIndustrius-14.jar" size="46287" sha1="77f9b13b39a3fe56ab46e7e6386bc56608c9084e" type="jar" />
		</needs>
	</lib>

	<lib name="QtDeclarative" url="http://files.kde.org/necessitas/ministro/android/necessitas/objects/0.411-armeabi-v7a/lib/libQtDeclarative.so" file="lib/libQtDeclarative.so" size="1889816" sha1="6880b522747a0f4b025c7bf35b4d862e6bfca493" level="3">
		<depends>
			<lib name="QtScript"/>
			<lib name="QtSvg"/>
			<lib name="QtSql"/>
			<lib name="QtXmlPatterns"/>
			<lib name="QtGui"/>
			<lib name="QtNetwork"/>
			<lib name="QtCore"/>
		</depends>
		<needs>
			<item name="QmlFolderListModelPlugin" url="http://files.kde.org/necessitas/ministro/android/necessitas/objects/0.411-armeabi-v7a/imports/Qt/labs/folderlistmodel/libqmlfolderlistmodelplugin.so" file="imports/Qt/labs/folderlistmodel/libqmlfolderlistmodelplugin.so" size="38108" sha1="7b9060c72fab6c0b61310224b6346b8f53f5838e"/>
			<item name="QmlDir" url="http://files.kde.org/necessitas/ministro/android/necessitas/objects/0.411-armeabi-v7a/imports/Qt/labs/folderlistmodel/qmldir" file="imports/Qt/labs/folderlistmodel/qmldir" size="32" sha1="339a50ff0cf652c565a7adf4ab8c4c74aac7305e"/>
			<item name="QmlGesturesPlugin" url="http://files.kde.org/necessitas/ministro/android/necessitas/objects/0.411-armeabi-v7a/imports/Qt/labs/gestures/libqmlgesturesplugin.so" file="imports/Qt/labs/gestures/libqmlgesturesplugin.so" size="42204" sha1="68491731a4de27594c8e9ca4944056ea9dfb375c"/>
			<item name="QmlDir" url="http://files.kde.org/necessitas/ministro/android/necessitas/objects/0.411-armeabi-v7a/imports/Qt/labs/gestures/qmldir" file="imports/Qt/labs/gestures/qmldir" size="25" sha1="237bc60b12c32e8763435b3286970975f33e642a"/>
			<item name="QmlParticlesPlugin" url="http://files.kde.org/necessitas/ministro/android/necessitas/objects/0.411-armeabi-v7a/imports/Qt/labs/particles/libqmlparticlesplugin.so" file="imports/Qt/labs/particles/libqmlparticlesplugin.so" size="54492" sha1="3531b1b367f88d871bbf98fe8a3193c39f7a6a4a"/>
			<item name="QmlDir" url="http://files.kde.org/necessitas/ministro/android/necessitas/objects/0.411-armeabi-v7a/imports/Qt/labs/particles/qmldir" file="imports/Qt/labs/particles/qmldir" size="26" sha1="094a12fb018347e29ab831c5423b01576ddfc59f"/>
		</needs>
	</lib>

	<lib name="QtFeedback" url="http://files.kde.org/necessitas/ministro/android/necessitas/objects/0.411-armeabi-v7a/lib/libQtFeedback.so" file="lib/libQtFeedback.so" size="83160" sha1="37e4d6e7ac9f0bfb9c0b66c119075b475ce11c8d" level="1">
		<depends>
			<lib name="QtAndroidFeedbackPlugin"/>
			<lib name="QtCore"/>
		</depends>
		<needs>
			<item name="QmlFeedbackPlugin" url="http://files.kde.org/necessitas/ministro/android/necessitas/objects/0.411-armeabi-v7a/imports/QtMobility/feedback/libdeclarative_feedback.so" file="imports/QtMobility/feedback/libdeclarative_feedback.so" size="79076" sha1="21d7e1b5781de3fd9601d068a763052a8a6f570a"/>
			<item name="QmlDir" url="http://files.kde.org/necessitas/ministro/android/necessitas/objects/0.411-armeabi-v7a/imports/QtMobility/feedback/qmldir" file="imports/QtMobility/feedback/qmldir" size="28" sha1="7cb0fa5e432358af74f5a04eff6952f49236d700"/>
		</needs>
	</lib>

	<lib name="QtGallery" url="http://files.kde.org/necessitas/ministro/android/necessitas/objects/0.411-armeabi-v7a/lib/libQtGallery.so" file="lib/libQtGallery.so" size="247072" sha1="2672d63b5b67e752d39ec09b9c05efc06349b0a0" level="1">
		<depends>
			<lib name="QtCore"/>
		</depends>
		<needs>
			<item name="QmlGalleryPlugin" url="http://files.kde.org/necessitas/ministro/android/necessitas/objects/0.411-armeabi-v7a/imports/QtMobility/gallery/libdeclarative_gallery.so" file="imports/QtMobility/gallery/libdeclarative_gallery.so" size="218356" sha1="07cce09506161ba7075daf876d8ce4646a2c167e"/>
			<item name="QmlDir" url="http://files.kde.org/necessitas/ministro/android/necessitas/objects/0.411-armeabi-v7a/imports/QtMobility/gallery/qmldir" file="imports/QtMobility/gallery/qmldir" size="28" sha1="efca891215be071b486d8fb68dff0b00f68c505b"/>
		</needs>
	</lib>

	<lib name="QtGui" url="http://files.kde.org/necessitas/ministro/android/necessitas/objects/0.411-armeabi-v7a/lib/libQtGui.so" file="lib/libQtGui.so" size="5700816" sha1="504cb191f6af6b17ca46d41fff8d0ad3d88a2f92" level="1">
		<depends>
			<lib name="QtAndroidPlatformPlugin"/>
			<lib name="QtCore"/>
		</depends>
		<needs>
			<item name="QtAccessibleWidgets" url="http://files.kde.org/necessitas/ministro/android/necessitas/objects/0.411-armeabi-v7a/plugins/accessible/libqtaccessiblewidgets.so" file="plugins/accessible/libqtaccessiblewidgets.so" size="173276" sha1="2aa25df9abf80be47f2b7bc48654bd0e936aca27"/>
			<item name="QtGifPlugin" url="http://files.kde.org/necessitas/ministro/android/necessitas/objects/0.411-armeabi-v7a/plugins/imageformats/libqgif.so" file="plugins/imageformats/libqgif.so" size="29916" sha1="ed9a99c36dcd98c0ab0fe54fe8d672f7317ad9bf"/>
			<item name="QtIcoPlugin" url="http://files.kde.org/necessitas/ministro/android/necessitas/objects/0.411-armeabi-v7a/plugins/imageformats/libqico.so" file="plugins/imageformats/libqico.so" size="29916" sha1="3d0f465687a7860160565cdefc37f4f6e11b5bb9"/>
			<item name="QtJpegPlugin" url="http://files.kde.org/necessitas/ministro/android/necessitas/objects/0.411-armeabi-v7a/plugins/imageformats/libqjpeg.so" file="plugins/imageformats/libqjpeg.so" size="148756" sha1="49160491f55ae82ac27ae2c6c9526880eed66c7f"/>
			<item name="QtMngPlugin" url="http://files.kde.org/necessitas/ministro/android/necessitas/objects/0.411-armeabi-v7a/plugins/imageformats/libqmng.so" file="plugins/imageformats/libqmng.so" size="202004" sha1="a81a0144279cefed2b7e8f9040e7000c03741964"/>
			<item name="QtTiffPlugin" url="http://files.kde.org/necessitas/ministro/android/necessitas/objects/0.411-armeabi-v7a/plugins/imageformats/libqtiff.so" file="plugins/imageformats/libqtiff.so" size="267928" sha1="073ca6e33964ae733c1a9581dca6be9a6d84d6b7"/>
		</needs>
	</lib>

	<lib name="QtLocation" url="http://files.kde.org/necessitas/ministro/android/necessitas/objects/0.411-armeabi-v7a/lib/libQtLocation.so" file="lib/libQtLocation.so" size="1759096" sha1="52ca3e2e95ca9f3db16561a628c312f3ce6fcd20" level="2">
		<depends>
			<lib name="QtLandmarksPlugin"/>
			<lib name="QtSql"/>
			<lib name="QtGui"/>
			<lib name="QtNetwork"/>
			<lib name="QtCore"/>
		</depends>
		<needs>
			<item name="QmlLocationPlugin" url="http://files.kde.org/necessitas/ministro/android/necessitas/objects/0.411-armeabi-v7a/imports/QtMobility/location/libdeclarative_location.so" file="imports/QtMobility/location/libdeclarative_location.so" size="541916" sha1="0634e0542fdbeae3f910b7e5109e1b96703cc287"/>
			<item name="QmlDir" url="http://files.kde.org/necessitas/ministro/android/necessitas/objects/0.411-armeabi-v7a/imports/QtMobility/location/qmldir" file="imports/QtMobility/location/qmldir" size="28" sha1="1a96ed3515667d31b34fbbd5a9c5c29e65d4a9be"/>
			<item name="QtGeoServicesNokiaPlugin" url="http://files.kde.org/necessitas/ministro/android/necessitas/objects/0.411-armeabi-v7a/plugins/geoservices/libqtgeoservices_nokia.so" file="plugins/geoservices/libqtgeoservices_nokia.so" size="275676" sha1="6c53c1615e1da55bcd04b1dcecc508619df97837"/>
		</needs>
	</lib>

	<lib name="QtNetwork" url="http://files.kde.org/necessitas/ministro/android/necessitas/objects/0.411-armeabi-v7a/lib/libQtNetwork.so" file="lib/libQtNetwork.so" size="1574132" sha1="1a30f6b87dcf2f4f26f6c87737b20d5d3e15e435" level="1">
		<depends>
			<lib name="QtCore"/>
		</depends>
		<needs>
			<item name="GenericBearerPlugin" url="http://files.kde.org/necessitas/ministro/android/necessitas/objects/0.411-armeabi-v7a/plugins/bearer/libqgenericbearer.so" file="plugins/bearer/libqgenericbearer.so" size="42200" sha1="966bbc677c8e52175d5afa6fe850076c93151199"/>
		</needs>
	</lib>

	<lib name="QtOpenGL" url="http://files.kde.org/necessitas/ministro/android/necessitas/objects/0.411-armeabi-v7a/lib/libQtOpenGL.so" file="lib/libQtOpenGL.so" size="328996" sha1="34d05637874d7ad2e093e2c67012cbbb4526f171" level="2">
		<depends>
			<lib name="QtAndroidGLPlatformPlugin"/>
			<lib name="QtGui"/>
			<lib name="QtCore"/>
		</depends>
		<replaces>
			<lib name="QtAndroidPlatformPlugin"/>
		</replaces>
	</lib>

	<lib name="QtOrganizer" url="http://files.kde.org/necessitas/ministro/android/necessitas/objects/0.411-armeabi-v7a/lib/libQtOrganizer.so" file="lib/libQtOrganizer.so" size="918748" sha1="9a138aada4f740cfdbabfc217f4e40eba3470c4d" level="2">
		<depends>
			<lib name="QtGui"/>
			<lib name="QtCore"/>
		</depends>
		<needs>
			<item name="QmlOrganizerPlugin" url="http://files.kde.org/necessitas/ministro/android/necessitas/objects/0.411-armeabi-v7a/imports/QtMobility/organizer/libdeclarative_organizer.so" file="imports/QtMobility/organizer/libdeclarative_organizer.so" size="685700" sha1="70ccec30251ed384b853aea9755f159c1239da3b"/>
			<item name="QmlDir" url="http://files.kde.org/necessitas/ministro/android/necessitas/objects/0.411-armeabi-v7a/imports/QtMobility/organizer/qmldir" file="imports/QtMobility/organizer/qmldir" size="29" sha1="0dd85d1b4264760cb524bc2e1f20a6f8b7c5568d"/>
		</needs>
	</lib>

	<lib name="QtScript" url="http://files.kde.org/necessitas/ministro/android/necessitas/objects/0.411-armeabi-v7a/lib/libQtScript.so" file="lib/libQtScript.so" size="919000" sha1="b75738d28c30ec6d9f829a2f994846ef4d155fdc" level="1">
		<depends>
			<lib name="QtCore"/>
		</depends>
	</lib>

	<lib name="QtScriptTools" url="http://files.kde.org/necessitas/ministro/android/necessitas/objects/0.411-armeabi-v7a/lib/libQtScriptTools.so" file="lib/libQtScriptTools.so" size="468244" sha1="ef4ed5836b4f17a3941a5bf62afe097a430c2f28" level="2">
		<depends>
			<lib name="QtScript"/>
			<lib name="QtGui"/>
			<lib name="QtCore"/>
		</depends>
	</lib>

	<lib name="QtSensors" url="http://files.kde.org/necessitas/ministro/android/necessitas/objects/0.411-armeabi-v7a/lib/libQtSensors.so" file="lib/libQtSensors.so" size="185632" sha1="16726169631a0f2aefb4975760a0b809ae413b8b" level="1">
		<depends>
			<lib name="QtAndroidSensorsPlugin"/>
			<lib name="QtCore"/>
		</depends>
		<needs>
			<item name="QmlSensorsPlugin" url="http://files.kde.org/necessitas/ministro/android/necessitas/objects/0.411-armeabi-v7a/imports/QtMobility/sensors/libdeclarative_sensors.so" file="imports/QtMobility/sensors/libdeclarative_sensors.so" size="91356" sha1="41e6c204ba0d15b9a8ef822c06237aa9aaf40451"/>
			<item name="QmlDir" url="http://files.kde.org/necessitas/ministro/android/necessitas/objects/0.411-armeabi-v7a/imports/QtMobility/sensors/qmldir" file="imports/QtMobility/sensors/qmldir" size="27" sha1="a9a8c6795e63c7620af8587b3c482b614707c93b"/>
		</needs>
	</lib>

	<lib name="QtServiceFramework" url="http://files.kde.org/necessitas/ministro/android/necessitas/objects/0.411-armeabi-v7a/lib/libQtServiceFramework.so" file="lib/libQtServiceFramework.so" size="476376" sha1="1e56507a437fb8be3eabc8674a9fdf8532fd1796" level="2">
		<depends>
			<lib name="QtSql"/>
			<lib name="QtNetwork"/>
			<lib name="QtCore"/>
		</depends>
		<needs>
			<item name="QmlServiceFrameworkPlugin" url="http://files.kde.org/necessitas/ministro/android/necessitas/objects/0.411-armeabi-v7a/imports/QtMobility/serviceframework/libdeclarative_serviceframework.so" file="imports/QtMobility/serviceframework/libdeclarative_serviceframework.so" size="54492" sha1="69d9e513d287ca2b5fafb8a07277019a3b1f4522"/>
			<item name="QmlDir" url="http://files.kde.org/necessitas/ministro/android/necessitas/objects/0.411-armeabi-v7a/imports/QtMobility/serviceframework/qmldir" file="imports/QtMobility/serviceframework/qmldir" size="36" sha1="41589911c3dc2ba1c412e1794503cd1ecc7b6e72"/>
		</needs>
	</lib>

	<lib name="QtSql" url="http://files.kde.org/necessitas/ministro/android/necessitas/objects/0.411-armeabi-v7a/lib/libQtSql.so" file="lib/libQtSql.so" size="144604" sha1="f3849c5accbf38eb2e5c4727cd806c822e538d84" level="1">
		<depends>
			<lib name="QtCore"/>
		</depends>
		<needs>
			<item name="QSQLitePlugin" url="http://files.kde.org/necessitas/ministro/android/necessitas/objects/0.411-armeabi-v7a/plugins/sqldrivers/libqsqlite.so" file="plugins/sqldrivers/libqsqlite.so" size="323840" sha1="bee55f13e0e92f873a97bd051502f2308401ad82"/>
		</needs>
	</lib>

	<lib name="QtSvg" url="http://files.kde.org/necessitas/ministro/android/necessitas/objects/0.411-armeabi-v7a/lib/libQtSvg.so" file="lib/libQtSvg.so" size="210196" sha1="d043c42a49af162e700b1b3acb8e0427235c3748" level="2">
		<depends>
			<lib name="QtGui"/>
			<lib name="QtCore"/>
		</depends>
		<needs>
			<item name="QtSvgIconPlugin" url="http://files.kde.org/necessitas/ministro/android/necessitas/objects/0.411-armeabi-v7a/plugins/iconengines/libqsvgicon.so" file="plugins/iconengines/libqsvgicon.so" size="34012" sha1="4fc8df6979ee843b2176118f8a8a7e50e64d9d70"/>
			<item name="QtSvgPlugin" url="http://files.kde.org/necessitas/ministro/android/necessitas/objects/0.411-armeabi-v7a/plugins/imageformats/libqsvg.so" file="plugins/imageformats/libqsvg.so" size="25820" sha1="af0409b7abb9d973681b974311086f24e86c5e36"/>
		</needs>
	</lib>

	<lib name="QtSystemInfo" url="http://files.kde.org/necessitas/ministro/android/necessitas/objects/0.411-armeabi-v7a/lib/libQtSystemInfo.so" file="lib/libQtSystemInfo.so" size="243084" sha1="0b7fd33a59bf5b4ad3da0ad68fde64caae75cce4" level="2">
		<depends>
			<lib name="QtGui"/>
			<lib name="QtNetwork"/>
			<lib name="QtCore"/>
		</depends>
		<needs>
			<item name="QmlSystemInfoPlugin" url="http://files.kde.org/necessitas/ministro/android/necessitas/objects/0.411-armeabi-v7a/imports/QtMobility/systeminfo/libdeclarative_systeminfo.so" file="imports/QtMobility/systeminfo/libdeclarative_systeminfo.so" size="124140" sha1="7a1eebdf928e4bee011d5f834565fc4ea2d937df"/>
			<item name="QmlDir" url="http://files.kde.org/necessitas/ministro/android/necessitas/objects/0.411-armeabi-v7a/imports/QtMobility/systeminfo/qmldir" file="imports/QtMobility/systeminfo/qmldir" size="30" sha1="1db9a28f9bf731c511dcd115df633c50a8736c60"/>
		</needs>
	</lib>

	<lib name="QtTest" url="http://files.kde.org/necessitas/ministro/android/necessitas/objects/0.411-armeabi-v7a/lib/libQtTest.so" file="lib/libQtTest.so" size="95544" sha1="c01625b842aa246b0513ed48551ad6b8e823a921" level="1">
		<depends>
			<lib name="QtCore"/>
		</depends>
	</lib>

	<lib name="QtVersit" url="http://files.kde.org/necessitas/ministro/android/necessitas/objects/0.411-armeabi-v7a/lib/libQtVersit.so" file="lib/libQtVersit.so" size="469628" sha1="3f2743f852aa073e5a1b6704243fcb8db9d06a54" level="3">
		<depends>
			<lib name="QtContacts"/>
			<lib name="QtGui"/>
			<lib name="QtCore"/>
		</depends>
		<needs>
			<item name="VersitBackupHandlerPlugin" url="http://files.kde.org/necessitas/ministro/android/necessitas/objects/0.411-armeabi-v7a/plugins/versit/libqtversit_backuphandler.so" file="plugins/versit/libqtversit_backuphandler.so" size="46300" sha1="53b18aeb9816de47bebb50b0ccf9e64a679ca289"/>
			<item name="VersitVcardPreserverPlugin" url="http://files.kde.org/necessitas/ministro/android/necessitas/objects/0.411-armeabi-v7a/plugins/versit/libqtversit_vcardpreserver.so" file="plugins/versit/libqtversit_vcardpreserver.so" size="38108" sha1="cbcc8749a01f8223c9f72975cd2b63bed71e205b"/>
		</needs>
	</lib>

	<lib name="QtVersitOrganizer" url="http://files.kde.org/necessitas/ministro/android/necessitas/objects/0.411-armeabi-v7a/lib/libQtVersitOrganizer.so" file="lib/libQtVersitOrganizer.so" size="267560" sha1="30c8adb2e3e6a34632b7c451fcb143953a5d74d7" level="4">
		<depends>
			<lib name="QtVersit"/>
			<lib name="QtOrganizer"/>
			<lib name="QtGui"/>
			<lib name="QtCore"/>
		</depends>
	</lib>

	<lib name="QtWebKit" url="http://files.kde.org/necessitas/ministro/android/necessitas/objects/0.411-armeabi-v7a/lib/libQtWebKit.so" file="lib/libQtWebKit.so" size="10789576" sha1="f30ff027e3c9166365345d108aeff5a78c7a0922" level="2">
		<depends>
			<lib name="QtGui"/>
			<lib name="QtNetwork"/>
			<lib name="QtCore"/>
		</depends>
		<needs>
			<item name="QmlWebkitPlugin" url="http://files.kde.org/necessitas/ministro/android/necessitas/objects/0.411-armeabi-v7a/imports/QtWebKit/libqmlwebkitplugin.so" file="imports/QtWebKit/libqmlwebkitplugin.so" size="66784" sha1="891ede96784dcf6b3beee29a760e3503c593d397"/>
			<item name="QmlDir" url="http://files.kde.org/necessitas/ministro/android/necessitas/objects/0.411-armeabi-v7a/imports/QtWebKit/qmldir" file="imports/QtWebKit/qmldir" size="23" sha1="f4012c3ef48875607eb1a7bae054d39d1568ada4"/>
		</needs>
	</lib>

	<lib name="QtXml" url="http://files.kde.org/necessitas/ministro/android/necessitas/objects/0.411-armeabi-v7a/lib/libQtXml.so" file="lib/libQtXml.so" size="160984" sha1="69a884f28c3e3a879f328774ed33346686b7f0b5" level="1">
		<depends>
			<lib name="QtCore"/>
		</depends>
	</lib>

	<lib name="QtXmlPatterns" url="http://files.kde.org/necessitas/ministro/android/necessitas/objects/0.411-armeabi-v7a/lib/libQtXmlPatterns.so" file="lib/libQtXmlPatterns.so" size="1996104" sha1="eebd5aed87ca681564e6507c5444f6e2a1e92da1" level="2">
		<depends>
			<lib name="QtNetwork"/>
			<lib name="QtCore"/>
		</depends>
	</lib>

	<lib name="QtAndroidPlatformPlugin" url="http://files.kde.org/necessitas/ministro/android/necessitas/objects/0.411-armeabi-v7a/plugins/platforms/android/libandroid-9.so" file="plugins/platforms/android/libandroid-9.so" size="423660" sha1="2c0aed6cc15e038d35bae28fdf820201a493b6c9" level="9999">
		<depends>
			<lib name="QtGui"/>
			<lib name="QtCore"/>
		</depends>
	</lib>

	<lib name="QtAndroidGLPlatformPlugin" url="http://files.kde.org/necessitas/ministro/android/necessitas/objects/0.411-armeabi-v7a/plugins/platforms/android/libandroidGL-9.so" file="plugins/platforms/android/libandroidGL-9.so" size="423660" sha1="2d28925de02b5fceaabc41c94a66abb2552a2d27" level="9999">
		<depends>
			<lib name="QtOpenGL"/>
			<lib name="QtGui"/>
			<lib name="QtCore"/>
		</depends>
	</lib>

	<lib name="QtAndroidContactsPlugin" url="http://files.kde.org/necessitas/ministro/android/necessitas/objects/0.411-armeabi-v7a/plugins/contacts/libqtcontacts_android.so" file="plugins/contacts/libqtcontacts_android.so" size="259328" sha1="24cb059ddb280c536fe49de9f33eeb7a27d58bd7" level="9999">
		<depends>
			<lib name="QtContacts"/>
			<lib name="QtGui"/>
			<lib name="QtCore"/>
		</depends>
	</lib>

	<lib name="QtAndroidFeedbackPlugin" url="http://files.kde.org/necessitas/ministro/android/necessitas/objects/0.411-armeabi-v7a/plugins/feedback/libqtfeedback_android.so" file="plugins/feedback/libqtfeedback_android.so" size="50392" sha1="95d7b27e1d672b4c08b4ca0a3a3ce5a86e068028" level="9999">
		<depends>
			<lib name="QtFeedback"/>
			<lib name="QtNetwork"/>
			<lib name="QtCore"/>
		</depends>
	</lib>

	<lib name="QtLandmarksPlugin" url="http://files.kde.org/necessitas/ministro/android/necessitas/objects/0.411-armeabi-v7a/plugins/landmarks/libqtlandmarks_sqlite.so" file="plugins/landmarks/libqtlandmarks_sqlite.so" size="488668" sha1="89fdee54c04954eb554a8ae261fbca10144f7439" level="9999">
		<depends>
			<lib name="QtLocation"/>
			<lib name="QtSql"/>
			<lib name="QtGui"/>
			<lib name="QtCore"/>
		</depends>
	</lib>

	<lib name="QtAndroidSensorsPlugin" url="http://files.kde.org/necessitas/ministro/android/necessitas/objects/0.411-armeabi-v7a/plugins/sensors/libqtsensors_android.so" file="plugins/sensors/libqtsensors_android.so" size="70992" sha1="71197b06ccc591553d871a379cf90fd7a6004da4" level="9999">
		<depends>
			<lib name="QtSensors"/>
			<lib name="QtNetwork"/>
			<lib name="QtCore"/>
		</depends>
	</lib>

</libs>
